feature,importance_mean,importance_std,ridge_coef_std
cs_bias20,0.00900372,0.00252123,0.00084829
cs_rv20,0.00559923,0.00684770,-0.00766445
mom10,0.00467733,0.00267564,0.00090583
rv10,0.00198170,0.00120454,0.00013067
mom60,0.00099597,0.00185267,-0.00045012
macd_hist,0.00081884,0.00641657,0.00357926
mom1,0.00028370,0.00559112,0.00153045
rsi14,-0.00021117,0.00808108,0.00554553
ema_gap,-0.00052585,0.00763609,-0.00427632
mom20,-0.00128080,0.00403423,-0.00245536
cs_mom20,-0.00272552,0.01036992,0.00804033
mom5,-0.00461325,0.00501736,-0.00259810
cs_rsi14,-0.00571042,0.00499720,-0.00239645
bias5,-0.01285699,0.00691513,0.00316688
bias20,-0.01832656,0.00845213,-0.01140449
rv20,-0.03816434,0.00694697,0.01171163
